{
  "val_0.json": {
    "accuracy": 0.006234413965087282
  },
  "val_1.json": {
    "accuracy": 0.029093931837073983
  },
  "val_2.json": {
    "accuracy": 0.046550290939318374
  },
  "val_3.json": {
    "accuracy": 0.05278470490440565
  },
  "val_4.json": {
    "accuracy": 0.06400665004156277
  },
  "val_5.json": {
    "accuracy": 0.07315045719035744
  },
  "val_6.json": {
    "accuracy": 0.12967581047381546
  },
  "val_7.json": {
    "accuracy": 0.09642560266001662
  },
  "val_8.json": {
    "accuracy": 0.10640066500415628
  },
  "val_9.json": {
    "accuracy": 0.14463840399002495
  },
  "val_10.json": {
    "accuracy": 0.13216957605985039
  },
  "val_11.json": {
    "accuracy": 0.1708229426433915
  },
  "val_12.json": {
    "accuracy": 0.1778886118038238
  },
  "val_13.json": {
    "accuracy": 0.1828761429758936
  },
  "val_14.json": {
    "accuracy": 0.18661679135494597
  },
  "val_15.json": {
    "accuracy": 0.17040731504571904
  },
  "val_16.json": {
    "accuracy": 0.18703241895261846
  },
  "val_17.json": {
    "accuracy": 0.1974231088944306
  },
  "val_18.json": {
    "accuracy": 0.1974231088944306
  },
  "val_19.json": {
    "accuracy": 0.1974231088944306
  },
  "val_20.json": {
    "accuracy": 0.19783873649210307
  },
  "val_21.json": {
    "accuracy": 0.19783873649210307
  },
  "val_22.json": {
    "accuracy": 0.19825436408977556
  },
  "val_23.json": {
    "accuracy": 0.19825436408977556
  },
  "val_24.json": {
    "accuracy": 0.19825436408977556
  },
  "val_25.json": {
    "accuracy": 0.19825436408977556
  },
  "val_26.json": {
    "accuracy": 0.19825436408977556
  },
  "val_27.json": {
    "accuracy": 0.19825436408977556
  },
  "val_28.json": {
    "accuracy": 0.19825436408977556
  },
  "val_29.json": {
    "accuracy": 0.19825436408977556
  },
  "val_30.json": {
    "accuracy": 0.19825436408977556
  },
  "val_31.json": {
    "accuracy": 0.19825436408977556
  },
  "val_32.json": {
    "accuracy": 0.19783873649210307
  },
  "val_33.json": {
    "accuracy": 0.19783873649210307
  },
  "val_34.json": {
    "accuracy": 0.19783873649210307
  },
  "val_35.json": {
    "accuracy": 0.19783873649210307
  },
  "val_36.json": {
    "accuracy": 0.19783873649210307
  },
  "val_37.json": {
    "accuracy": 0.19783873649210307
  },
  "val_38.json": {
    "accuracy": 0.19783873649210307
  },
  "val_39.json": {
    "accuracy": 0.19783873649210307
  },
  "val_40.json": {
    "accuracy": 0.19783873649210307
  },
  "val_41.json": {
    "accuracy": 0.19783873649210307
  },
  "val_42.json": {
    "accuracy": 0.19783873649210307
  },
  "val_43.json": {
    "accuracy": 0.19783873649210307
  },
  "val_44.json": {
    "accuracy": 0.19783873649210307
  },
  "val_45.json": {
    "accuracy": 0.19783873649210307
  },
  "val_46.json": {
    "accuracy": 0.19783873649210307
  },
  "val_47.json": {
    "accuracy": 0.19783873649210307
  },
  "val_48.json": {
    "accuracy": 0.19783873649210307
  },
  "val_49.json": {
    "accuracy": 0.19783873649210307
  },
  "val_final.json": {
    "accuracy": 0.19783873649210307
  }
}