{
  "best_metric": null,
  "best_model_checkpoint": null,
  "epoch": 2.5380710659898478,
  "global_step": 2000,
  "is_hyper_param_search": false,
  "is_local_process_zero": true,
  "is_world_process_zero": true,
  "log_history": [
    {
      "epoch": 0.63,
      "learning_rate": 3.942470389170897e-05,
      "loss": 0.6386,
      "step": 500
    },
    {
      "epoch": 1.27,
      "learning_rate": 2.8849407783417938e-05,
      "loss": 0.112,
      "step": 1000
    },
    {
      "epoch": 1.9,
      "learning_rate": 1.8274111675126904e-05,
      "loss": 0.0923,
      "step": 1500
    },
    {
      "epoch": 2.54,
      "learning_rate": 7.698815566835872e-06,
      "loss": 0.0848,
      "step": 2000
    }
  ],
  "max_steps": 2364,
  "num_train_epochs": 3,
  "total_flos": 2164386089140224.0,
  "trial_name": null,
  "trial_params": null
}
